{
  "0": {
    "parents": [
      2,
      8,
      9
    ],
    "prob": [
      [
        [
          0,
          0,
          0
        ],
        0.002761620028826251
      ],
      [
        [
          0,
          0,
          1
        ],
        0.0777580484841768
      ],
      [
        [
          0,
          1,
          0
        ],
        0.895902823143836
      ],
      [
        [
          0,
          1,
          1
        ],
        0.050861967268559384
      ],
      [
        [
          1,
          0,
          0
        ],
        0.5839530054522734
      ],
      [
        [
          1,
          0,
          1
        ],
        0.513063120645092
      ],
      [
        [
          1,
          1,
          0
        ],
        0.6167196748828574
      ],
      [
        [
          1,
          1,
          1
        ],
        0.39212807865568
      ]
    ]
  },
  "1": {
    "parents": [
      3,
      4,
      7,
      9
    ],
    "prob": [
      [
        [
          0,
          0,
          0,
          0
        ],
        0.8209260959555857
      ],
      [
        [
          0,
          0,
          0,
          1
        ],
        0.10644375637897428
      ],
      [
        [
          0,
          0,
          1,
          0
        ],
        0.430238667681819
      ],
      [
        [
          0,
          0,
          1,
          1
        ],
        0.8800468986872053
      ],
      [
        [
          0,
          1,
          0,
          0
        ],
        0.41606446086923415
      ],
      [
        [
          0,
          1,
          0,
          1
        ],
        0.018724913965457404
      ],
      [
        [
          0,
          1,
          1,
          0
        ],
        0.409259264390436
      ],
      [
        [
          0,
          1,
          1,
          1
        ],
        0.12049320947539807
      ],
      [
        [
          1,
          0,
          0,
          0
        ],
        0.13942215907713412
      ],
      [
        [
          1,
          0,
          0,
          1
        ],
        0.42143963618851266
      ],
      [
        [
          1,
          0,
          1,
          0
        ],
        0.28643819893019357
      ],
      [
        [
          1,
          0,
          1,
          1
        ],
        0.8381512493426644
      ],
      [
        [
          1,
          1,
          0,
          0
        ],
        0.43783306421054946
      ],
      [
        [
          1,
          1,
          0,
          1
        ],
        0.5916754079273168
      ],
      [
        [
          1,
          1,
          1,
          0
        ],
        0.480070618448236
      ],
      [
        [
          1,
          1,
          1,
          1
        ],
        0.10253526692458985
      ]
    ]
  },
  "2": {
    "parents": [
      9
    ],
    "prob": [
      [
        [
          0
        ],
        0.45752804903852834
      ],
      [
        [
          1
        ],
        0.17532584998500017
      ]
    ]
  },
  "3": {
    "parents": [
      5,
      8
    ],
    "prob": [
      [
        [
          0,
          0
        ],
        0.02025867053813304
      ],
      [
        [
          0,
          1
        ],
        0.06091523978669153
      ],
      [
        [
          1,
          0
        ],
        0.37804567860542193
      ],
      [
        [
          1,
          1
        ],
        0.09476846776039806
      ]
    ]
  },
  "4": {
    "parents": [
      6,
      8,
      9
    ],
    "prob": [
      [
        [
          0,
          0,
          0
        ],
        0.5982002688428251
      ],
      [
        [
          0,
          0,
          1
        ],
        0.057759229124895894
      ],
      [
        [
          0,
          1,
          0
        ],
        0.13095633064863946
      ],
      [
        [
          0,
          1,
          1
        ],
        0.41183801459240593
      ],
      [
        [
          1,
          0,
          0
        ],
        0.6002205245514478
      ],
      [
        [
          1,
          0,
          1
        ],
        0.3350977383608461
      ],
      [
        [
          1,
          1,
          0
        ],
        0.041306751075125964
      ],
      [
        [
          1,
          1,
          1
        ],
        0.418270453155835
      ]
    ]
  },
  "5": {
    "parents": [
      7
    ],
    "prob": [
      [
        [
          0
        ],
        0.4106801816777338
      ],
      [
        [
          1
        ],
        0.8831276637586866
      ]
    ]
  },
  "6": {
    "parents": [
      8,
      9
    ],
    "prob": [
      [
        [
          0,
          0
        ],
        0.12506851874861424
      ],
      [
        [
          0,
          1
        ],
        0.9149867893288574
      ],
      [
        [
          1,
          0
        ],
        0.8402288948317039
      ],
      [
        [
          1,
          1
        ],
        0.6969337277431606
      ]
    ]
  },
  "7": {
    "parents": [
      9
    ],
    "prob": [
      [
        [
          0
        ],
        0.3447441910260076
      ],
      [
        [
          1
        ],
        0.08761109817163978
      ]
    ]
  },
  "8": {
    "parents": [
      9
    ],
    "prob": [
      [
        [
          0
        ],
        0.04013795209211499
      ],
      [
        [
          1
        ],
        0.7122019325264516
      ]
    ]
  },
  "9": {
    "parents": [],
    "prob": [
      [
        [],
        0.8943453537651651
      ]
    ]
  }
}