{
    "0": {
        "parents": [],
        "prob": [
            [
                [],
                0.13145434137854298
            ]
        ]
    },
    "1": {
        "parents": [],
        "prob": [
            [
                [],
                0.08444409929856861
            ]
        ]
    },
    "2": {
        "parents": [
            0
        ],
        "prob": [
            [
                [
                    0
                ],
                0.5204976257071519
            ],
            [
                [
                    1
                ],
                0.15577799906833883
            ]
        ]
    },
    "3": {
        "parents": [
            1,
            2
        ],
        "prob": [
            [
                [
                    0,
                    0
                ],
                0.9935290357018435
            ],
            [
                [
                    0,
                    1
                ],
                0.38201039457774094
            ],
            [
                [
                    1,
                    0
                ],
                0.6299636393084102
            ],
            [
                [
                    1,
                    1
                ],
                0.13007046264729705
            ]
        ]
    },
    "4": {
        "parents": [
            0
        ],
        "prob": [
            [
                [
                    0
                ],
                0.8964610161645971
            ],
            [
                [
                    1
                ],
                0.3963652748057502
            ]
        ]
    },
    "5": {
        "parents": [
            3
        ],
        "prob": [
            [
                [
                    0
                ],
                0.02790965047332432
            ],
            [
                [
                    1
                ],
                0.28809429952586235
            ]
        ]
    },
    "6": {
        "parents": [],
        "prob": [
            [
                [],
                0.41886941581460335
            ]
        ]
    },
    "7": {
        "parents": [],
        "prob": [
            [
                [],
                0.3762606704365917
            ]
        ]
    },
    "8": {
        "parents": [],
        "prob": [
            [
                [],
                0.8670957163558207
            ]
        ]
    },
    "9": {
        "parents": [
            6,
            7
        ],
        "prob": [
            [
                [
                    0,
                    0
                ],
                0.06382073488921387
            ],
            [
                [
                    0,
                    1
                ],
                0.029964051936580933
            ],
            [
                [
                    1,
                    0
                ],
                0.48168607516102885
            ],
            [
                [
                    1,
                    1
                ],
                0.515238599398
            ]
        ]
    },
    "10": {
        "parents": [
            5,
            7
        ],
        "prob": [
            [
                [
                    0,
                    0
                ],
                0.796486361087883
            ],
            [
                [
                    0,
                    1
                ],
                0.9080743643907196
            ],
            [
                [
                    1,
                    0
                ],
                0.9049084917318548
            ],
            [
                [
                    1,
                    1
                ],
                0.5774313922605215
            ]
        ]
    },
    "11": {
        "parents": [],
        "prob": [
            [
                [],
                0.06389304594753399
            ]
        ]
    },
    "12": {
        "parents": [
            8,
            11
        ],
        "prob": [
            [
                [
                    0,
                    0
                ],
                0.4850900178994745
            ],
            [
                [
                    0,
                    1
                ],
                0.29973650499032667
            ],
            [
                [
                    1,
                    0
                ],
                0.3504217652982497
            ],
            [
                [
                    1,
                    1
                ],
                0.31017685728798505
            ]
        ]
    },
    "13": {
        "parents": [
            3
        ],
        "prob": [
            [
                [
                    0
                ],
                0.8257954958672394
            ],
            [
                [
                    1
                ],
                0.2341340568575192
            ]
        ]
    },
    "14": {
        "parents": [],
        "prob": [
            [
                [],
                0.6639014157827823
            ]
        ]
    }
}